{
    "2": {
        "SI_index": 0.8981505941125003,
        "DBI_Score": 0.10798844884229711
    },
    "3": {
        "SI_index": 0.7831661927338087,
        "DBI_Score": 0.3184837791290051
    },
    "4": {
        "SI_index": 0.9179679805852031,
        "DBI_Score": 0.10454494191704276
    },
    "5": {
        "SI_index": 0.8084058099445403,
        "DBI_Score": 0.38401574054790916
    },
    "6": {
        "SI_index": 0.8832284447082642,
        "DBI_Score": 0.18793986371023577
    }
}